id,Kanji,Strokes,Grade,JLPT-test,Radical Freq.,Kanji Frequency without Proper Nouns
41,一,1,1,5,14,848362
124,乙,1,7,1,7,1348
2060,了,2,7,2,3,46239
2074,力,2,1,4,23,474012
1577,二,2,1,5,6,155284
1070,人,2,1,5,104,1696029
1584,入,2,1,5,1,562966
829,七,2,1,5,14,51124
359,九,2,1,5,7,44817
1647,八,2,1,5,8,57038
1903,又,2,7,1,9,1402
1392,丁,2,3,1,14,13222
907,十,2,1,5,11,94851
1498,刀,2,2,1,32,5496
1312,大,3,1,5,16,1224358
292,丸,3,2,2,4,20149
557,己,3,6,1,2,25044
1071,刃,3,7,1,32,5072
1852,亡,3,6,3,5,83912
587,口,3,1,4,70,113613
588,工,3,2,4,4,134455
1101,寸,3,6,1,12,4241
1889,凡,3,7,1,1,4378
360,久,3,5,2,4,15812
361,及,3,7,1,4,62000
362,弓,3,2,1,11,1326
1138,夕,3,1,4,5,25026
1906,万,3,2,5,14,404560
131,下,3,1,5,14,328608
650,乞,3,7,0,7,252
1166,千,3,1,5,11,36665
1167,川,3,1,5,3,39520
428,巾,3,7,0,17,206
693,才,3,2,3,89,9723
952,女,3,1,5,36,322259
959,小,3,1,5,5,227697
1986,与,3,7,3,14,143595
1493,土,3,1,5,50,96642
744,三,3,1,5,14,151259
745,山,3,1,5,16,90473
1009,上,3,1,5,14,739020
1010,丈,3,7,0,14,10047
247,干,3,6,2,5,10471
759,士,3,4,1,5,101506
760,子,3,1,5,9,505793
513,月,4,1,5,8,951166
514,犬,4,1,4,17,17022
1293,太,4,2,3,16,33847
1807,片,4,6,2,2,17695
1041,心,4,2,4,76,256954
1561,屯,4,7,1,1,932
545,元,4,2,4,9,284013
546,幻,4,7,1,4,6657
1570,内,4,2,3,104,506360
1829,方,4,2,4,6,568673
1580,匂,4,7,0,3,647
46,引,4,2,3,11,217047
558,戸,4,2,2,6,29863
1583,日,4,1,5,38,1855755
1072,仁,4,6,1,104,3227
1333,丹,4,7,1,4,2129
1081,水,4,1,5,118,158842
1853,乏,4,7,1,4,6046
576,五,4,1,5,6,149703
577,互,4,7,3,6,22648
578,午,4,2,5,11,175250
589,公,4,2,2,8,328700
2125,六,4,1,5,8,49930
590,勾,4,7,0,3,280
591,孔,4,7,1,9,1098
1104,井,4,7,1,6,9355
1876,木,4,1,5,85,50179
87,円,4,1,5,3,496542
855,尺,4,6,1,15,1409
863,手,4,1,4,6,736309
1376,中,4,1,5,1,846645
105,王,4,1,3,15,71024
1393,弔,4,7,1,11,2079
883,収,4,6,3,9,146002
1655,反,4,3,3,9,224230
381,牛,4,2,4,6,32331
1154,切,4,2,4,32,204798
132,化,4,3,3,2,439707
133,火,4,1,5,26,75741
394,凶,4,7,1,4,4290
1683,比,4,5,2,1,113113
1941,毛,4,2,2,1,10106
1435,爪,4,7,0,2,554
670,今,4,2,5,104,521143
164,牙,4,7,0,1,2493
1956,厄,4,7,1,4,817
172,介,4,7,2,104,83725
429,斤,4,7,1,5,396
1711,匹,4,7,2,4,7357
1971,友,4,2,5,9,42506
445,区,4,3,3,4,281786
960,升,4,7,1,11,652
1472,天,4,1,5,16,86565
961,少,4,2,4,5,175913
1217,双,4,7,2,9,16367
1987,予,4,3,3,3,245667
1736,不,4,4,4,1,375009
1737,夫,4,4,3,16,78438
1738,父,4,2,5,1,63779
1484,斗,4,7,1,3,2557
1776,仏,4,5,2,104,6745
1011,冗,4,7,1,4,2373
246,刈,4,7,1,32,2974
761,支,4,5,3,1,288712
1785,分,4,2,5,32,823138
506,欠,4,4,3,8,48034
762,止,4,2,4,6,189165
1786,文,4,1,4,2,345135
763,氏,4,4,1,2,353478
768,市,5,2,3,17,627813
769,矢,5,2,1,4,6392
1284,他,5,3,3,104,76605
1287,打,5,3,3,89,323160
8,圧,5,5,2,50,58272
15,以,5,4,4,104,319095
1040,尻,5,7,0,15,3229
1808,辺,5,4,2,51,38719
1042,申,5,3,3,19,72320
1558,凸,5,7,1,4,491
1814,弁,5,5,1,3,68105
1567,丼,5,7,0,4,2358
1823,母,5,2,5,3,89057
1313,代,5,3,4,104,504830
1314,台,5,2,4,70,126169
547,玄,5,7,1,2,8585
806,示,5,5,3,15,338792
1830,包,5,4,2,3,21132
2087,令,5,4,2,104,38418
2088,礼,5,3,3,15,14032
1578,尼,5,7,1,15,410
559,古,5,2,4,70,50067
1334,旦,5,7,1,38,584
58,右,5,1,5,70,116443
830,叱,5,7,0,70,919
831,失,5,4,3,16,123666
68,永,5,5,2,118,8370
841,写,5,3,4,4,261182
592,功,5,4,1,23,31135
593,巧,5,7,1,4,6536
1105,世,5,3,4,14,337799
594,広,5,2,4,17,146056
1106,正,5,1,4,6,233599
595,甲,5,7,1,19,5102
1107,生,5,1,5,2,709119
1875,北,5,2,5,2,66592
1630,白,5,1,5,5,104138
1886,本,5,1,5,85,701651
864,主,5,3,4,4,393309
106,凹,5,7,1,4,482
107,央,5,3,2,16,45630
363,丘,5,7,1,14,3344
364,旧,5,5,2,38,54326
1904,末,5,4,3,85,97460
1394,庁,5,6,2,17,45202
1139,斥,5,7,1,5,718
884,囚,5,7,1,12,4408
1140,石,5,1,3,16,59831
1910,未,5,4,3,85,72897
1656,半,5,2,5,11,199172
1657,氾,5,7,0,118,158
1658,犯,5,5,3,17,58025
382,去,5,3,4,2,106911
1918,民,5,4,3,2,405427
383,巨,5,7,2,2,24423
1920,矛,5,7,1,1,5160
134,加,5,4,3,23,246138
135,可,5,5,3,70,165025
651,号,5,3,3,70,75594
908,汁,5,7,1,118,4457
1168,仙,5,7,1,104,910
1169,占,5,7,2,1,41169
1684,皮,5,3,2,1,16633
1947,目,5,1,4,19,503519
668,込,5,7,3,51,224779
926,出,5,1,5,4,938651
165,瓦,5,7,0,2,1469
682,左,5,1,5,4,100234
427,玉,5,1,2,15,30588
1963,由,5,3,3,19,107549
943,処,5,6,3,4,92789
1712,必,5,4,3,76,159378
1717,氷,5,3,2,118,8498
446,句,5,5,1,70,23828
962,召,5,7,2,70,3510
197,外,5,2,5,5,365049
1991,幼,5,6,2,4,18075
1480,田,5,1,4,19,30445
1992,用,5,2,4,1,369078
1739,付,5,4,3,104,222560
1740,布,5,5,2,17,25401
469,兄,5,2,4,9,17153
1494,奴,5,7,1,36,2168
1499,冬,5,2,4,4,25386
733,冊,5,6,2,3,14273
734,札,5,4,2,85,23430
743,皿,5,3,2,8,5210
1774,払,5,7,3,89,54133
242,且,5,7,1,14,79
248,刊,5,5,2,32,45720
249,甘,5,7,2,2,16866
507,穴,5,6,1,10,11875
764,仕,5,3,4,104,102023
1788,丙,5,7,1,14,180
765,史,5,4,2,70,78830
1789,平,5,3,3,5,141560
2045,立,5,1,4,5,460112
766,司,5,4,2,70,39398
767,四,5,1,5,12,81851
1536,同,6,2,4,70,827991
770,旨,6,7,1,38,13108
515,件,6,5,3,104,244194
771,死,6,3,4,5,236271
772,糸,6,1,2,63,4975
773,至,6,6,1,2,20648
1029,色,6,2,4,2,60753
1285,多,6,2,4,5,258481
9,扱,6,7,1,89,22559
1801,米,6,2,3,10,51380
12,安,6,3,4,36,276286
2061,両,6,3,3,14,151596
16,衣,6,4,2,21,14250
1318,宅,6,6,3,36,103463
807,字,6,1,4,9,103301
808,寺,6,2,2,12,9434
809,次,6,3,3,8,213903
810,耳,6,1,4,5,13189
811,自,6,2,4,2,621663
1579,弐,6,7,1,2,83
45,芋,6,7,1,47,1099
301,企,6,7,1,104,135325
1581,肉,6,2,4,44,40877
302,伎,6,7,1,104,5317
47,印,6,4,2,6,48983
303,危,6,6,3,6,72486
48,因,6,5,3,12,71737
304,机,6,6,2,85,3064
305,気,6,1,5,1,378575
1073,尽,6,7,1,15,15811
1074,迅,6,7,1,51,3934
1587,任,6,5,3,104,215095
2101,列,6,3,3,32,28738
2102,劣,6,7,1,23,8527
1593,年,6,1,5,5,1811312
826,式,6,3,3,2,158236
59,宇,6,6,2,36,21014
60,羽,6,2,2,6,11101
1854,忙,6,7,3,76,6003
1347,団,6,5,2,12,215789
2115,老,6,4,3,3,29561
840,芝,6,7,1,47,10505
1355,地,6,2,4,50,611473
1356,池,6,2,3,118,9390
596,交,6,2,3,5,354159
1108,成,6,4,3,7,314970
597,光,6,2,3,9,68528
1109,西,6,2,5,4,54683
1877,朴,6,7,1,85,3647
598,向,6,3,3,70,244750
1366,竹,6,1,2,24,7362
599,后,6,6,1,70,4180
600,好,6,4,3,36,110530
601,江,6,7,1,118,3292
602,考,6,2,4,3,207066
603,行,6,2,5,6,708761
351,吉,6,7,1,70,3185
865,守,6,3,3,36,90065
1377,仲,6,4,2,104,27518
866,朱,6,7,1,85,1520
1378,虫,6,1,2,10,10424
1895,毎,6,2,5,3,56868
104,汚,6,7,2,118,20199
365,休,6,1,5,104,57257
366,吸,6,6,3,70,20591
1646,肌,6,7,2,44,6826
367,朽,6,7,1,85,2116
368,臼,6,7,0,2,576
1395,兆,6,4,2,9,50537
1651,伐,6,7,1,104,2948
885,州,6,3,2,3,54766
886,舟,6,7,2,8,3157
1659,帆,6,7,1,17,1202
1660,汎,6,7,0,118,425
1926,名,6,1,5,70,241836
136,仮,6,5,2,104,19623
395,共,6,4,3,8,183137
396,叫,6,7,2,70,7581
652,合,6,2,3,70,706173
1164,舌,6,5,1,1,3834
909,充,6,7,1,9,27597
1170,先,6,1,5,9,349259
1685,妃,6,7,1,36,2079
1942,妄,6,7,1,36,1021
420,仰,6,7,1,104,5769
932,旬,6,7,1,38,36853
933,巡,6,7,1,3,38124
424,曲,6,3,3,8,43583
1196,全,6,3,3,104,444404
173,回,6,2,3,12,680362
174,灰,6,6,2,26,3767
175,会,6,2,4,104,1439692
1716,百,6,1,5,5,50835
1972,有,6,3,4,8,159897
694,再,6,5,2,3,207615
953,如,6,7,1,36,4607
1218,壮,6,7,1,5,4145
963,匠,6,7,1,2,6105
1219,早,6,1,4,38,89336
1220,争,6,4,3,1,131595
1481,伝,6,4,3,104,117732
1993,羊,6,3,1,7,2642
717,在,6,5,3,50,307010
1485,吐,6,7,1,70,5061
210,各,6,4,2,70,126584
470,刑,6,7,1,32,58773
1500,灯,6,4,2,26,7870
1501,当,6,2,3,5,428929
1765,伏,6,7,1,104,7413
2035,吏,6,7,1,70,434
250,汗,6,7,2,118,6421
251,缶,6,7,1,1,5417
508,血,6,3,2,2,41651
1278,存,6,6,3,9,73187
1,亜,7,7,1,6,1457
516,見,7,1,5,7,688417
774,伺,7,7,2,104,451
1286,汰,7,7,1,118,826
775,志,7,5,2,76,29164
776,私,7,6,4,23,171647
1288,妥,7,7,1,36,9430
1805,別,7,4,4,32,167354
1294,対,7,3,3,12,597097
2062,良,7,4,3,1,69894
1295,体,7,2,4,104,430860
17,位,7,4,3,104,265390
1809,返,7,3,3,51,115704
18,囲,7,4,2,12,58559
19,医,7,3,4,4,130946
1043,伸,7,7,2,104,35458
1044,臣,7,4,2,2,14912
1045,芯,7,7,0,47,965
1046,身,7,3,3,1,162915
1047,辛,7,7,2,3,7501
1568,那,7,7,1,12,1538
548,言,7,2,4,68,408580
293,含,7,7,2,70,84861
1319,択,7,7,1,89,40622
1831,芳,7,7,1,47,885
1320,沢,7,7,1,118,3426
1832,邦,7,7,1,12,21091
2089,冷,7,4,3,6,40483
42,壱,7,7,1,5,225
2090,励,7,7,1,23,16101
2091,戻,7,7,3,6,50783
812,似,7,5,3,104,17428
813,児,7,4,2,9,75131
1327,但,7,7,1,104,28
306,岐,7,7,1,16,2952
1586,尿,7,7,1,15,8377
307,希,7,4,2,17,32914
308,忌,7,7,1,76,2637
1588,妊,7,7,1,36,9254
309,汽,7,2,1,118,1069
1589,忍,7,7,1,76,3648
1080,図,7,2,4,12,78609
1082,吹,7,7,3,70,13484
2110,呂,7,7,1,70,6044
1855,坊,7,7,0,50,20338
1856,妨,7,7,1,36,8528
1857,忘,7,6,3,76,21226
1858,防,7,5,2,31,133800
579,呉,7,7,1,70,671
1348,男,7,1,5,19,236012
1604,把,7,7,1,89,10245
2116,労,7,4,3,23,88823
2117,弄,7,7,0,3,1150
842,社,7,2,4,15,629446
843,車,7,1,5,15,198192
1099,杉,7,7,1,85,2990
339,技,7,5,2,89,118311
1110,声,7,2,3,5,114958
1622,売,7,2,4,5,210848
1883,没,7,7,1,118,12911
604,坑,7,7,1,50,629
605,孝,7,6,1,9,2470
606,抗,7,7,1,89,62518
607,攻,7,7,1,16,90407
1631,伯,7,7,1,104,3625
608,更,7,7,3,8,47766
354,却,7,7,1,6,34599
1379,沖,7,7,1,118,15096
1639,麦,7,2,2,2,5155
108,応,7,5,2,76,167368
876,寿,7,7,0,12,9167
369,求,7,4,3,118,198721
370,究,7,3,4,10,126101
1396,町,7,1,4,19,145204
1652,抜,7,7,3,89,69111
1141,赤,7,1,4,2,47188
887,秀,7,7,1,23,22765
1661,伴,7,7,1,104,29110
1917,妙,7,7,1,36,15272
1662,判,7,5,3,32,295627
1663,坂,7,3,2,50,4158
1664,阪,7,7,3,31,233
1155,折,7,4,3,89,26727
137,何,7,2,5,104,131229
138,花,7,1,4,47,48962
397,狂,7,7,1,17,10950
1421,沈,7,7,2,118,14890
910,住,7,3,4,104,169176
657,克,7,7,1,9,6399
658,告,7,4,3,70,232497
659,谷,7,2,2,1,9885
1686,否,7,6,3,70,68430
1687,批,7,6,2,89,69561
1437,低,7,4,3,104,91396
1438,呈,7,7,1,70,6588
671,困,7,6,3,12,35845
1439,廷,7,7,1,3,14240
1440,弟,7,2,4,11,20205
1952,冶,7,7,1,6,277
1957,役,7,3,3,19,163521
166,我,7,6,1,7,33228
1703,尾,7,7,1,15,8768
425,局,7,3,3,15,198760
683,佐,7,7,1,104,12920
684,沙,7,7,1,118,2200
430,均,7,5,2,50,39791
1710,肘,7,7,0,44,80
431,近,7,2,4,51,189013
176,快,7,5,2,76,29254
944,初,7,4,3,32,305500
177,戒,7,7,1,7,26522
178,改,7,4,2,16,234483
695,災,7,5,1,26,56316
954,助,7,3,3,23,83256
443,吟,7,7,1,70,1403
955,序,7,5,1,17,12499
196,貝,7,1,2,35,2283
964,床,7,7,2,17,18092
1988,余,7,5,3,104,46813
965,抄,7,7,1,89,629
1221,走,7,2,4,6,84685
966,肖,7,7,1,44,2335
456,串,7,7,0,1,238
1994,妖,7,7,0,36,1638
1741,扶,7,7,1,89,2163
462,君,7,3,3,70,23196
718,材,7,4,2,85,87744
211,角,7,2,2,3,43674
723,作,7,2,4,104,500901
471,形,7,2,3,5,88135
1495,努,7,4,3,23,30611
472,系,7,6,1,63,62080
2013,抑,7,7,1,89,37877
1502,投,7,3,3,89,258997
2014,沃,7,7,0,118,80
1503,豆,7,3,1,2,9823
2022,来,7,2,5,85,308159
1261,即,7,7,1,6,13182
2029,乱,7,6,2,7,43338
1262,束,7,4,3,85,35325
2030,卵,7,6,2,6,12096
1263,足,7,1,4,11,123380
498,芸,7,4,2,47,43928
499,迎,7,7,3,51,54363
1012,条,7,5,2,85,82845
2036,利,7,4,3,32,206382
1013,状,7,5,3,17,150301
2037,里,7,2,0,4,15662
252,完,7,4,3,36,61264
253,肝,7,7,1,44,13380
509,決,7,3,3,118,512014
1790,兵,7,4,2,8,63695
1279,村,7,1,3,85,68884
1792,並,8,6,2,6,46713
517,券,8,5,2,32,51067
518,肩,8,7,2,44,16972
777,使,8,3,4,104,207147
10,宛,8,7,0,36,165
778,刺,8,7,2,32,26973
779,始,8,3,4,36,175199
780,姉,8,2,4,36,10820
781,枝,8,5,2,85,4858
782,祉,8,7,1,15,18141
783,肢,8,7,1,44,6503
1554,毒,8,4,2,3,14884
20,依,8,7,2,104,25622
21,委,8,3,2,36,197575
1559,突,8,7,3,10,80715
1560,届,8,6,2,15,34402
1817,歩,8,2,4,6,115865
2076,林,8,1,3,85,23105
1569,奈,8,7,1,16,2060
549,弦,8,7,1,11,2677
294,岸,8,3,2,16,23045
295,岩,8,2,2,16,7213
40,育,8,3,3,44,145588
296,玩,8,7,0,15,1255
1321,卓,8,7,1,11,12328
1833,奉,8,7,1,16,4539
1322,拓,8,7,1,89,4258
1834,宝,8,6,2,36,23842
1835,抱,8,7,3,89,38777
1836,放,8,3,3,16,147578
2092,例,8,4,3,104,97847
1837,法,8,4,3,118,417985
814,事,8,3,4,3,925136
1838,泡,8,7,1,118,4640
815,侍,8,7,1,104,1167
560,呼,8,6,3,70,79054
816,治,8,4,3,118,228836
561,固,8,4,2,12,41791
1585,乳,8,6,2,7,17326
562,股,8,7,0,44,713
563,虎,8,7,1,5,2832
310,奇,8,7,1,16,10780
311,祈,8,7,2,15,8936
1335,担,8,6,2,89,128180
312,季,8,4,2,9,83471
1594,念,8,4,3,76,124612
1083,垂,8,6,1,50,3068
1084,炊,8,7,1,26,2966
61,雨,8,1,5,13,26169
2111,炉,8,7,1,26,9861
1859,房,8,7,1,6,42203
1860,肪,8,7,1,44,3944
69,泳,8,3,3,118,18408
1605,波,8,3,2,118,38273
70,英,8,4,4,47,25070
839,実,8,3,3,36,423855
1095,枢,8,7,1,85,3229
844,舎,8,5,1,104,15025
1612,拝,8,6,2,89,16985
845,者,8,3,4,3,965848
1357,知,8,2,4,4,217178
1613,杯,8,7,3,85,20880
78,易,8,5,3,38,33592
2129,和,8,3,3,70,111315
340,宜,8,7,1,36,2933
853,邪,8,7,1,12,6733
1878,牧,8,4,1,6,4614
2134,枠,8,7,1,85,34922
1111,制,8,5,3,32,325665
88,延,8,6,2,3,53556
1112,姓,8,7,2,36,3016
89,沿,8,6,1,118,15183
1113,征,8,7,1,19,6876
90,炎,8,7,1,26,19466
1114,性,8,5,3,76,450157
1115,青,8,1,4,2,33794
860,若,8,6,3,47,79629
1116,斉,8,7,1,2,8700
1887,奔,8,7,1,16,2358
1632,拍,8,7,1,89,9322
609,効,8,5,2,23,91013
1633,泊,8,7,2,118,14958
610,幸,8,3,3,5,22368
1634,迫,8,7,1,51,43628
611,拘,8,7,1,89,18534
867,取,8,3,3,9,397528
612,肯,8,7,2,44,2236
1380,宙,8,6,1,36,22540
1381,忠,8,6,1,76,4632
1382,抽,8,7,1,89,10467
1383,注,8,3,4,118,92964
1896,妹,8,2,4,36,10780
1897,枚,8,6,2,85,28336
109,往,8,5,1,19,8687
877,受,8,3,3,9,318245
110,押,8,7,3,89,52263
878,呪,8,7,0,70,1326
1902,枕,8,7,0,85,1749
111,旺,8,7,1,38,991
112,欧,8,7,2,8,796
113,殴,8,7,1,6,6653
1905,抹,8,7,1,89,2742
371,泣,8,4,1,118,12412
1397,長,8,2,5,1,863456
118,岡,8,7,1,16,2136
1142,昔,8,3,3,38,14730
1143,析,8,7,1,85,27325
1911,味,8,3,4,70,109252
888,周,8,4,2,70,67477
889,宗,8,6,1,36,16954
1913,岬,8,7,1,16,465
384,居,8,5,3,15,43119
385,拒,8,7,1,89,25910
1665,板,8,3,2,85,57824
386,拠,8,7,1,89,44834
1666,版,8,5,2,2,48638
1156,拙,8,7,1,89,1908
1927,命,8,3,3,70,106488
1928,明,8,2,4,38,512392
1418,直,8,2,3,19,184378
139,佳,8,7,1,104,1945
140,価,8,5,2,104,164689
141,果,8,4,3,85,182852
142,河,8,5,2,118,12790
398,京,8,2,4,5,5778
143,苛,8,7,0,47,260
399,享,8,7,1,5,1114
1935,免,8,7,1,9,24617
400,供,8,6,3,104,136909
401,協,8,4,2,11,241560
402,況,8,7,2,118,69500
1939,茂,8,7,1,47,945
660,刻,8,6,3,32,34075
661,国,8,2,5,12,1122135
918,叔,8,7,1,9,1347
1943,盲,8,7,1,19,3787
1688,彼,8,7,3,19,48078
1689,披,8,7,1,89,9342
1434,坪,8,7,1,50,1471
1690,肥,8,5,1,44,6762
1691,非,8,5,3,1,81771
1949,門,8,2,3,11,91494
927,述,8,5,2,51,101933
672,昆,8,7,1,38,2324
1441,定,8,3,3,36,571195
1953,夜,8,2,4,5,69976
1442,底,8,4,2,17,36642
1443,抵,8,7,1,89,14466
1955,弥,8,7,1,11,1477
1444,邸,8,7,1,12,29210
167,画,8,2,4,19,215393
168,芽,8,4,1,47,5415
1964,油,8,3,2,118,54708
432,金,8,1,5,33,516324
945,所,8,3,3,6,332553
1713,泌,8,7,1,118,1788
179,怪,8,7,1,76,5157
1459,泥,8,7,2,118,6075
180,拐,8,7,1,89,5223
1204,狙,8,7,1,17,55133
1460,的,8,4,4,5,537747
1205,阻,8,7,1,31,9986
1718,表,8,3,3,21,628434
696,妻,8,5,3,36,51669
697,采,8,7,1,2,799
1467,迭,8,7,1,51,3096
1724,苗,8,7,1,47,2420
447,苦,8,3,3,47,64607
449,具,8,3,3,8,56159
1473,典,8,4,1,8,23327
1474,店,8,2,4,17,128589
452,空,8,1,4,10,126665
198,劾,8,7,1,23,1479
967,尚,8,7,1,5,3024
968,招,8,5,3,89,37273
457,屈,8,7,1,15,10467
969,承,8,5,2,6,34803
970,昇,8,7,2,38,43002
971,松,8,4,1,85,8025
972,沼,8,7,1,118,2745
1486,妬,8,7,0,36,497
1742,府,8,4,2,17,252316
1743,怖,8,7,3,76,14400
1744,阜,8,7,0,31,89
1745,附,8,7,1,31,224
212,拡,8,6,2,89,58806
473,径,8,4,1,19,5814
474,茎,8,7,1,47,894
735,刷,8,4,2,32,9559
1759,侮,8,7,1,104,1515
736,刹,8,7,0,32,265
1504,東,8,2,5,85,58910
1760,武,8,5,2,6,45612
1505,到,8,7,3,32,20424
226,学,8,1,5,9,569326
227,岳,8,7,1,16,3677
2019,拉,8,7,0,89,25882
1766,服,8,3,4,8,35638
746,参,8,4,3,2,148993
1775,沸,8,7,2,118,4781
1777,物,8,3,4,6,271270
1276,卒,8,4,2,11,36091
254,官,8,4,3,36,260883
1791,併,8,7,1,104,30859
256,巻,9,6,2,2,32398
257,看,9,6,2,19,18261
1537,洞,9,7,1,118,3357
1793,柄,9,7,1,85,19364
2049,柳,9,7,1,85,14738
2,哀,9,7,1,70,4651
1030,拭,9,7,0,89,772
519,建,9,4,4,3,114210
1031,食,9,2,5,12,164637
520,研,9,3,4,16,136201
2056,侶,9,7,0,104,1531
521,県,9,3,3,19,412805
1547,峠,9,7,1,16,1046
784,姿,9,6,1,36,92823
1296,耐,9,7,1,1,17724
785,思,9,2,4,76,320338
1297,待,9,3,4,19,116043
786,指,9,3,3,89,313454
1298,怠,9,7,1,76,5155
1810,変,9,4,3,4,183042
787,施,9,7,1,6,140848
1299,胎,9,7,1,44,2885
1555,独,9,5,1,17,85527
1300,退,9,5,3,51,117266
1557,栃,9,7,0,85,2305
22,威,9,7,1,36,19116
23,為,9,7,1,26,164816
1815,便,9,4,3,104,47573
24,畏,9,7,0,19,503
1048,侵,9,7,1,104,23066
25,胃,9,4,2,44,4658
1049,信,9,4,3,104,172908
1050,津,9,7,1,118,13640
1818,保,9,5,2,104,299957
1051,神,9,3,3,15,78266
2077,厘,9,7,1,4,5646
550,限,9,5,3,31,118921
1574,南,9,2,5,11,59544
44,茨,9,7,0,47,303
1582,虹,9,7,1,10,1893
1839,胞,9,7,1,44,17427
49,咽,9,7,0,70,462
817,持,9,3,4,89,322666
50,姻,9,7,1,36,1079
1075,甚,9,7,1,2,1568
564,孤,9,7,1,9,11659
565,弧,9,7,1,11,424
566,故,9,5,2,16,87940
567,枯,9,7,2,85,3373
1336,単,9,4,3,4,63748
313,紀,9,4,1,63,39505
1337,炭,9,3,2,26,15187
314,軌,9,7,1,15,6683
1338,胆,9,7,1,44,5954
1085,帥,9,7,1,17,627
832,室,9,2,4,36,88857
580,後,9,2,5,19,734183
1349,段,9,6,3,6,123176
1861,某,9,7,1,85,708
1606,派,9,6,1,118,167088
1862,冒,9,7,1,8,10517
2118,郎,9,7,1,12,8937
71,映,9,6,4,38,103012
72,栄,9,4,2,85,20609
1614,背,9,6,3,44,56627
79,疫,9,7,1,15,7206
1103,是,9,7,1,38,12562
1615,肺,9,6,1,44,12905
91,怨,9,7,0,76,513
1884,勃,9,7,0,23,452
1117,政,9,5,3,16,660968
1373,茶,9,2,4,47,18222
1118,星,9,2,2,38,44802
1119,牲,9,7,1,6,13069
1120,省,9,4,2,19,124009
1890,盆,9,7,1,8,2792
355,客,9,3,3,36,77463
868,狩,9,7,1,17,2309
357,逆,9,5,2,51,53103
613,侯,9,7,1,104,285
869,首,9,2,3,1,357115
358,虐,9,7,1,5,14877
614,厚,9,5,2,4,47396
615,恒,9,7,1,76,5499
616,洪,9,7,1,118,1985
1384,昼,9,2,4,38,14781
617,皇,9,6,1,5,36432
1385,柱,9,3,2,85,16223
618,紅,9,6,2,63,8523
1898,昧,9,7,0,38,371
619,荒,9,7,2,47,11773
620,郊,9,7,2,12,10831
621,香,9,7,2,1,17861
1645,畑,9,3,0,19,7671
1649,発,9,3,4,2,715124
372,急,9,3,4,76,106764
373,級,9,3,1,63,78184
374,糾,9,7,1,63,1787
1398,挑,9,7,1,89,39036
119,屋,9,3,4,15,61444
890,拾,9,3,2,89,6812
891,秋,9,2,4,23,42265
892,臭,9,7,1,2,4787
126,卸,9,7,1,6,4434
127,音,9,1,4,3,81924
1157,窃,9,7,1,10,4988
1929,迷,9,5,3,51,28706
1419,勅,9,7,1,23,510
653,拷,9,7,1,89,1200
1422,珍,9,7,2,15,10176
911,柔,9,7,2,85,19000
144,科,9,2,3,23,115197
912,重,9,3,4,4,223305
1936,面,9,3,3,1,231082
145,架,9,7,1,85,6584
403,峡,9,7,1,16,2295
1171,宣,9,6,1,36,35318
1427,追,9,3,3,51,114796
404,挟,9,7,2,89,4093
1172,専,9,6,2,12,80518
405,狭,9,7,1,17,7592
1173,泉,9,6,2,118,13022
1174,浅,9,4,2,118,4014
919,祝,9,4,2,15,15691
1175,洗,9,6,3,118,17345
1176,染,9,6,1,85,44239
1692,卑,9,7,1,11,1314
1693,飛,9,4,3,1,94143
673,恨,9,7,1,76,3305
929,俊,9,7,1,104,2755
930,春,9,2,4,38,62227
1445,亭,9,7,1,5,5734
934,盾,9,7,1,19,6608
1446,貞,9,7,1,35,430
1958,約,9,4,3,63,410298
1447,帝,9,7,1,17,6334
1448,訂,9,7,1,68,7111
1704,眉,9,7,1,19,471
1705,美,9,3,3,7,58671
685,査,9,5,2,85,267111
1197,前,9,2,5,32,679235
686,砂,9,6,2,16,14833
181,悔,9,7,1,76,14850
1973,勇,9,4,2,23,9017
182,海,9,2,4,118,135716
1206,祖,9,5,3,15,16123
1974,幽,9,7,1,4,1451
183,界,9,3,4,19,274516
184,皆,9,7,3,5,15261
698,砕,9,7,1,16,3206
956,叙,9,7,1,9,2109
1725,秒,9,3,2,23,92691
1729,品,9,3,4,70,211039
1475,点,9,2,3,26,364938
1222,奏,9,6,1,16,21985
1223,相,9,3,3,19,555691
1224,荘,9,7,1,47,5012
1225,草,9,1,3,47,20753
1226,送,9,3,4,51,149941
1995,洋,9,3,4,118,24111
1996,要,9,4,3,4,340979
973,昭,9,3,1,38,58
208,垣,9,7,1,50,4939
209,柿,9,7,0,85,1508
466,軍,9,4,2,15,164725
1746,訃,9,7,0,68,15126
1747,負,9,3,3,35,152035
724,削,9,7,1,32,52785
1748,赴,9,7,1,6,2937
213,革,9,6,2,2,108283
725,昨,9,4,3,38,173067
726,柵,9,7,0,85,604
1496,度,9,3,4,17,399772
1497,怒,9,7,3,76,15805
475,係,9,3,3,104,171018
476,型,9,4,2,50,91041
732,咲,9,7,2,70,8096
477,契,9,7,1,16,42070
478,計,9,2,4,68,223446
737,拶,9,7,0,89,323
1506,逃,9,7,3,51,43360
1763,封,9,7,2,12,22777
1764,風,9,2,4,1,95284
233,括,9,7,1,89,16827
234,活,9,2,3,118,242183
1264,促,9,7,1,104,24588
1265,則,9,5,2,32,33941
1014,乗,9,3,3,4,108840
1015,城,9,6,2,50,12904
1271,俗,9,7,1,104,5694
1016,浄,9,7,1,118,6388
2046,律,9,6,2,19,24066
255,冠,9,7,1,4,11129
1280,孫,10,4,2,9,14683
258,陥,10,7,1,31,17344
1538,胴,10,7,1,44,2080
1794,陛,10,6,1,31,7194
2050,流,10,3,3,118,159853
3,挨,10,7,0,89,324
2051,留,10,5,3,19,44977
2052,竜,10,7,1,1,9853
2057,旅,10,3,4,6,41591
522,倹,10,7,1,104,225
523,兼,10,7,1,8,19476
524,剣,10,7,1,32,12114
1548,匿,10,7,1,4,5280
13,案,10,4,2,85,182072
525,拳,10,7,1,89,4176
1549,特,10,4,4,6,200157
526,軒,10,7,2,15,6461
1039,辱,10,7,1,2,5015
2063,料,10,4,4,3,184817
788,師,10,5,3,17,90690
789,恣,10,7,0,76,555
1301,帯,10,4,2,17,66763
790,紙,10,2,4,63,75301
1302,泰,10,7,1,118,871
791,脂,10,7,2,44,8054
1816,勉,10,3,4,23,15128
1819,哺,10,7,0,70,315
1052,唇,10,7,1,70,1330
1820,捕,10,7,3,89,89986
1053,娠,10,7,1,36,4721
1054,振,10,7,1,89,93205
2078,倫,10,7,1,104,10381
1055,浸,10,7,1,118,9359
1056,真,10,3,4,19,267420
1057,針,10,6,2,33,87082
2083,涙,10,7,2,118,14121
551,原,10,2,3,4,180401
1323,託,10,7,1,68,25391
1840,俸,10,7,1,104,3891
1841,倣,10,7,1,104,1164
818,時,10,2,5,38,829845
1842,峰,10,7,1,16,6002
51,員,10,3,4,70,544702
1843,砲,10,7,1,16,12506
52,院,10,3,4,31,140029
1076,陣,10,7,1,31,48330
2103,烈,10,7,1,26,7895
568,個,10,5,2,104,103488
569,庫,10,3,2,17,27077
2105,恋,10,7,2,76,16205
2106,連,10,4,3,51,425541
315,既,10,7,1,1,27473
316,記,10,2,3,68,320434
317,起,10,3,4,6,142531
62,唄,10,7,1,70,2052
318,飢,10,7,1,12,2283
1086,粋,10,7,1,10,4129
1598,悩,10,7,2,76,21523
319,鬼,10,7,1,4,5180
1087,衰,10,7,1,21,7089
1599,納,10,6,1,63,37542
64,畝,10,7,1,19,341
320,帰,10,2,4,17,83936
1600,能,10,5,3,44,205862
65,浦,10,7,1,118,1767
833,疾,10,7,1,15,6522
581,娯,10,7,1,36,2725
582,悟,10,7,1,76,7152
1607,破,10,5,3,16,82174
1863,剖,10,7,1,32,3023
2119,朗,10,6,1,8,6166
1864,紡,10,7,1,63,1032
2120,浪,10,7,1,118,5009
1609,馬,10,2,3,11,91370
846,射,10,6,1,12,33399
1358,値,10,6,3,104,81150
1359,恥,10,7,3,76,5614
80,益,10,5,1,8,62744
1360,致,10,7,1,2,69697
1616,俳,10,6,1,104,20297
1617,配,10,3,3,14,119958
83,悦,10,7,1,76,505
2132,脇,10,7,0,44,8176
1367,畜,10,7,2,19,4459
1623,倍,10,3,2,104,36710
856,借,10,4,4,104,25957
1368,逐,10,7,1,51,1025
1624,梅,10,4,1,85,6575
857,酌,10,7,1,14,1224
1371,秩,10,7,1,23,3287
92,宴,10,7,1,36,4440
861,弱,10,2,3,11,30418
1121,凄,10,7,0,6,510
1122,逝,10,7,1,51,2210
1635,剥,10,7,0,32,348
870,殊,10,7,1,5,12509
871,珠,10,7,1,15,2018
872,酒,10,3,3,14,29427
1386,衷,10,7,1,21,459
1387,酎,10,7,0,14,1604
1899,埋,10,7,2,50,18914
622,候,10,4,3,104,82442
623,校,10,1,5,85,224878
624,耕,10,5,2,2,3267
625,航,10,4,2,8,44534
114,桜,10,5,1,85,9681
626,貢,10,7,1,35,15628
115,翁,10,7,1,6,325
627,降,10,6,3,31,85361
628,高,10,2,5,1,510050
375,宮,10,3,1,36,18307
1144,席,10,4,3,17,116905
1145,脊,10,7,0,44,1234
1146,隻,10,7,1,9,3641
1916,脈,10,4,1,44,8972
125,俺,10,7,0,104,1599
893,修,10,5,2,104,65049
894,袖,10,7,0,21,2556
1919,眠,10,7,3,19,13711
128,恩,10,5,1,76,7761
387,挙,10,4,1,6,160969
1667,班,10,6,1,15,8514
1668,畔,10,7,1,19,993
1669,般,10,7,2,8,43438
1925,娘,10,7,3,36,24353
1930,冥,10,7,0,4,1680
1420,捗,10,7,0,89,56
654,剛,10,7,1,32,2501
1423,朕,10,7,1,8,37
913,従,10,6,1,19,50356
146,夏,10,2,4,4,55923
147,家,10,2,4,36,378801
148,荷,10,3,2,47,16888
149,華,10,7,1,47,16688
406,恐,10,7,3,76,35846
1430,通,10,2,4,51,370160
407,恭,10,7,1,76,73
408,胸,10,6,2,44,19264
1944,耗,10,7,1,2,1805
409,脅,10,7,1,44,17600
1177,扇,10,7,1,6,3282
666,骨,10,6,2,3,34358
1178,栓,10,7,1,85,1444
1694,疲,10,7,3,15,14063
1950,紋,10,7,1,63,5444
1695,秘,10,6,1,23,37453
1696,被,10,7,2,21,158336
674,根,10,3,2,85,49884
163,蚊,10,7,1,10,1200
935,准,10,7,1,6,8450
936,殉,10,7,1,5,1336
937,純,10,6,2,63,14828
1449,庭,10,3,3,17,33738
1450,逓,10,7,1,51,225
687,唆,10,7,1,70,9869
688,差,10,4,3,4,101178
946,書,10,2,5,8,317053
691,座,10,6,3,17,59674
1715,姫,10,7,1,36,4255
692,挫,10,7,0,89,3282
1207,租,10,7,1,23,1443
1719,俵,10,5,1,104,7473
1208,素,10,5,1,63,60060
699,宰,10,7,1,36,3924
700,栽,10,7,1,85,6316
1468,哲,10,7,1,70,5107
957,徐,10,7,1,19,5311
958,除,10,6,3,31,75647
1726,病,10,3,4,15,125840
1730,浜,10,7,1,118,3071
1476,展,10,6,2,15,126306
1734,敏,10,7,1,16,4557
199,害,10,4,3,36,203735
1227,倉,10,4,1,104,6488
1228,捜,10,7,2,89,73375
1229,挿,10,7,1,89,2366
1997,容,10,5,3,36,225588
974,宵,10,7,1,36,509
1230,桑,10,7,1,85,1699
463,訓,10,4,2,68,21608
719,剤,10,7,1,32,25090
975,将,10,6,2,12,71832
1487,徒,10,4,3,19,36788
720,財,10,5,3,35,117905
976,消,10,3,3,118,129962
1488,途,10,7,3,51,45157
977,症,10,7,1,15,51142
978,祥,10,7,1,15,7792
467,郡,10,4,1,12,4463
979,称,10,7,1,23,28256
980,笑,10,4,3,24,54152
1749,浮,10,7,3,118,44219
214,格,10,5,3,85,157579
215,核,10,7,1,85,79892
727,索,10,7,1,63,22995
479,恵,10,7,2,76,14441
2015,浴,10,4,2,118,19202
738,殺,10,4,3,6,114950
1507,倒,10,7,3,104,50977
1508,凍,10,7,2,6,15654
1509,唐,10,7,0,70,4829
1254,造,10,5,2,51,100149
1510,島,10,3,2,16,45736
1511,桃,10,7,1,85,1627
1512,討,10,6,1,68,84446
1513,透,10,7,1,51,24297
1514,党,10,6,2,5,269334
747,桟,10,7,1,85,801
748,蚕,10,6,1,10,373
1266,息,10,3,3,76,41036
1778,粉,10,4,2,10,13593
243,株,10,6,1,85,124753
1267,捉,10,7,0,89,737
1779,紛,10,7,1,63,15458
244,釜,10,7,0,33,1261
756,残,10,4,3,5,125241
1268,速,10,3,3,51,85564
505,桁,10,7,0,85,120
2048,略,11,5,2,19,66003
259,乾,11,7,2,7,7077
1539,動,11,3,4,23,391265
1795,閉,11,6,3,11,30228
260,勘,11,7,1,23,5721
1540,堂,11,4,4,50,18280
261,患,11,7,1,76,46258
2053,粒,11,7,2,10,5789
6,悪,11,3,4,76,91516
262,貫,11,7,1,35,13308
2054,隆,11,7,1,31,1151
1289,唾,11,7,0,70,349
1550,得,11,4,3,19,222136
527,健,11,4,2,104,59964
528,険,11,5,3,31,88108
2064,涼,11,7,2,118,3548
2065,猟,11,7,1,17,1756
2066,陵,11,7,1,31,3565
1811,偏,11,7,1,104,6674
1303,堆,11,7,0,50,700
792,視,11,6,1,7,114421
1304,袋,11,7,2,21,11030
1305,逮,11,7,1,51,67703
26,尉,11,7,1,12,1195
1562,豚,11,7,1,3,5429
27,異,11,6,2,19,61359
28,移,11,5,2,23,102232
1564,貪,11,7,0,35,330
29,萎,11,7,0,47,889
1058,深,11,3,3,118,72752
1059,紳,11,7,1,63,1504
1315,第,11,3,2,24,351478
1571,梨,11,7,1,85,2092
1060,進,11,3,3,51,241979
2084,累,11,7,1,63,3693
39,域,11,6,2,50,98804
1575,軟,11,7,2,15,12578
552,現,11,5,3,15,506029
297,眼,11,5,1,19,10003
553,舷,11,7,0,8,320
43,逸,11,7,1,51,9754
1329,脱,11,7,1,44,41449
1844,崩,11,7,1,16,39488
53,淫,11,7,0,118,195
1845,訪,11,6,3,68,88820
54,陰,11,7,1,31,9192
825,鹿,11,7,1,3,2577
1339,探,11,6,3,89,33925
1595,捻,11,7,0,89,751
1340,淡,11,7,1,118,6255
1596,粘,11,7,1,10,12184
1088,推,11,6,1,89,66720
321,基,11,5,2,50,176867
1089,酔,11,7,1,14,6338
1601,脳,11,6,2,44,69628
322,寄,11,5,3,36,70655
834,執,11,7,1,50,34796
323,規,11,5,3,7,122281
324,亀,11,7,1,7,5017
1350,断,11,5,3,5,149595
1096,崇,11,7,1,16,891
1865,望,11,4,3,8,84277
1098,据,11,7,1,89,8837
1610,婆,11,7,1,36,699
847,捨,11,6,2,89,18341
848,赦,11,7,1,2,1689
81,液,11,5,2,118,16262
849,斜,11,7,1,3,4517
1618,排,11,7,1,89,30280
1619,敗,11,4,3,16,180635
341,偽,11,7,1,104,33521
854,蛇,11,7,1,10,2159
1625,培,11,7,1,50,8321
858,釈,11,7,1,2,19436
1626,陪,11,7,1,31,1561
1372,窒,11,7,1,10,2562
1885,堀,11,7,1,50,2581
350,菊,11,7,1,47,2811
862,寂,11,7,1,36,5460
1123,清,11,4,2,118,11861
1891,麻,11,7,1,1,10810
356,脚,11,7,1,44,17512
1124,盛,11,6,1,8,48232
1636,舶,11,7,1,8,3034
1390,著,11,6,2,47,184771
879,授,11,5,2,89,100711
629,康,11,4,2,17,30235
630,控,11,7,1,89,32818
631,梗,11,7,0,85,2173
1399,帳,11,3,1,17,15163
376,救,11,4,1,16,47537
632,黄,11,2,2,1,11977
1400,張,11,5,2,11,114027
377,球,11,3,3,15,280835
1401,彫,11,7,1,5,9549
1402,眺,11,7,1,19,4118
1914,密,11,6,1,36,40919
1147,惜,11,7,1,76,5739
1403,釣,11,7,1,33,8282
1148,戚,11,7,0,7,232
1404,頂,11,6,3,22,12350
1149,責,11,5,3,35,73506
1405,鳥,11,2,4,4,20897
895,終,11,3,4,63,195324
896,羞,11,7,0,7,177
897,習,11,3,4,6,69535
1921,務,11,5,3,23,340217
898,週,11,2,4,51,82110
388,虚,11,7,1,5,13127
389,許,11,5,3,68,45217
1158,接,11,5,2,89,74968
1670,販,11,7,2,35,78902
391,魚,11,2,4,3,14588
1159,設,11,5,2,68,256062
1160,雪,11,2,3,13,23076
1424,陳,11,7,1,31,10728
914,渋,11,7,1,118,6396
150,菓,11,7,2,47,6161
662,黒,11,2,4,2,64560
151,貨,11,4,2,35,23555
920,宿,11,3,3,36,27625
921,淑,11,7,1,118,412
1945,猛,11,7,1,17,11626
410,強,11,2,4,11,347529
922,粛,11,7,1,1,4899
411,教,11,2,4,16,291374
1179,旋,11,7,1,6,3189
412,郷,11,6,1,12,12301
1180,船,11,2,3,8,50627
669,頃,11,7,0,22,1872
1951,問,11,3,4,70,433569
928,術,11,5,3,6,127136
1954,野,11,2,4,4,251945
675,婚,11,7,3,36,34500
676,混,11,5,2,118,36692
677,痕,11,7,0,15,2614
678,紺,11,7,1,63,1232
1959,訳,11,6,1,68,26637
1451,停,11,4,2,104,45060
1452,偵,11,7,1,104,3586
433,菌,11,7,1,47,11520
1970,唯,11,7,1,70,10373
947,庶,11,7,1,17,4160
1461,笛,11,3,1,24,2017
1975,悠,11,7,1,76,1114
1720,票,11,4,1,15,92903
1976,郵,11,6,2,12,48464
185,械,11,4,2,85,7481
1209,措,11,7,1,89,33820
1210,粗,11,7,1,10,3991
1211,組,11,2,3,63,281931
701,彩,11,7,1,5,14565
702,採,11,5,2,89,55801
703,済,11,6,3,118,187620
1727,描,11,7,1,89,42225
704,祭,11,3,2,15,22405
1728,猫,11,7,3,17,9920
705,斎,11,7,1,2,2778
450,惧,11,7,0,76,2515
706,細,11,2,2,63,48478
707,菜,11,4,3,47,17168
1731,貧,11,5,3,35,16085
453,偶,11,7,3,104,5943
1477,添,11,7,1,118,13174
1478,転,11,3,4,15,163841
1735,瓶,11,7,1,2,3890
200,崖,11,7,0,16,584
201,涯,11,7,1,118,5496
458,掘,11,7,2,89,13532
716,埼,11,7,0,50,911
1998,庸,11,7,1,17,180
1231,巣,11,4,1,4,5431
1232,掃,11,7,2,89,11536
1233,曹,11,7,1,8,3221
1489,都,11,3,3,12,267906
722,崎,11,7,1,16,1923
1234,曽,11,7,0,8,6
1235,爽,11,7,1,1,889
1236,窓,11,6,3,10,18149
981,唱,11,4,1,70,15042
982,商,11,3,3,70,93620
1750,婦,11,5,3,36,46677
983,渉,11,7,1,118,173141
1751,符,11,7,2,24,4788
216,殻,11,7,1,6,2583
984,章,11,3,2,5,22049
217,郭,11,7,1,12,1666
985,紹,11,7,2,63,30330
986,訟,11,7,1,68,28689
480,啓,11,7,1,70,5090
2016,欲,11,6,3,8,27225
481,掲,11,7,1,89,50915
1761,部,11,3,3,12,579457
2017,翌,11,6,2,6,19049
482,渓,11,7,1,118,1280
483,経,11,5,3,63,335548
484,蛍,11,7,1,10,1310
231,掛,11,7,1,89,35833
1767,副,11,4,2,32,85481
235,喝,11,7,1,70,3366
1515,悼,11,7,1,76,8033
236,渇,11,7,1,118,1497
1516,盗,11,7,3,8,31762
749,惨,11,7,1,76,7809
1517,陶,11,7,1,31,4094
750,産,11,4,3,2,207564
757,斬,11,7,0,5,2237
1269,側,11,4,3,104,155635
2038,理,11,2,4,15,385731
1272,族,11,3,4,6,109595
1017,剰,11,7,1,32,8262
1018,常,11,5,3,17,123080
1019,情,11,5,3,76,240958
2044,陸,11,4,2,31,44303
1277,率,11,5,1,2,142430
1281,尊,12,6,2,12,13921
1796,塀,12,7,1,50,1180
1541,童,12,3,2,5,28504
1542,道,12,2,4,51,251485
7,握,12,7,1,89,26582
263,寒,12,3,3,36,9231
2055,硫,12,7,1,16,1418
264,喚,12,7,1,70,4705
1032,植,12,3,2,85,36875
265,堪,12,7,1,50,1822
1033,殖,12,7,1,5,8141
266,換,12,7,2,89,51195
1290,堕,12,7,1,50,747
11,嵐,12,7,1,16,2046
267,敢,12,7,1,16,3528
1291,惰,12,7,1,76,321
268,棺,12,7,1,85,971
269,款,12,7,1,8,1774
270,間,12,2,5,11,593691
271,閑,12,7,1,11,1469
529,圏,12,7,1,12,17314
530,堅,12,7,1,50,20584
531,検,12,5,1,85,208303
2067,量,12,4,2,4,97589
1812,遍,12,7,1,51,2696
793,紫,12,7,1,63,3589
794,詞,12,6,2,68,6812
1306,替,12,7,2,8,44020
795,歯,12,3,3,2,20784
1307,貸,12,5,4,35,20579
1308,隊,12,4,1,31,51823
1565,鈍,12,7,2,33,4639
1821,補,12,6,2,21,144371
30,偉,12,7,3,104,6492
31,椅,12,7,0,85,4614
1824,募,12,7,2,23,46382
1061,森,12,1,3,85,19325
2085,塁,12,7,1,50,86058
1062,診,12,7,1,68,36473
554,減,12,5,2,118,175018
1328,達,12,4,3,51,72381
819,滋,12,7,1,118,299
1331,棚,12,7,1,85,11951
1077,尋,12,7,1,12,9760
1846,報,12,5,3,50,352707
55,飲,12,3,4,12,33924
1079,須,12,7,1,22,2041
2104,裂,12,7,1,21,14118
570,湖,12,3,2,118,5672
571,雇,12,7,2,9,32647
828,軸,12,7,1,15,15355
1341,短,12,3,3,4,43198
66,運,12,3,4,51,161376
1090,遂,12,7,1,51,13356
67,雲,12,2,2,13,8889
835,湿,12,7,2,118,5194
325,喜,12,4,3,70,31074
1093,随,12,7,1,31,8581
326,幾,12,7,1,4,2681
327,揮,12,6,1,89,25881
1351,弾,12,7,1,11,50735
328,期,12,3,3,8,372411
73,営,12,5,2,4,174443
329,棋,12,7,1,85,30669
2121,廊,12,7,1,17,5020
74,詠,12,7,1,68,2294
330,貴,12,6,1,35,11941
1866,傍,12,7,1,104,5786
1867,帽,12,7,2,17,4227
1868,棒,12,6,2,85,9419
1869,貿,12,5,2,35,20587
1361,遅,12,7,3,51,37425
850,煮,12,7,1,26,6648
84,越,12,7,3,6,48679
1620,廃,12,7,1,17,53867
2133,惑,12,7,1,76,41571
342,欺,12,7,1,8,12533
2135,湾,12,7,2,118,9629
2136,腕,12,7,2,44,23726
1627,媒,12,7,1,36,2485
1628,買,12,2,4,35,79473
93,媛,12,7,1,36,109
94,援,12,7,1,89,149374
1374,着,12,3,4,7,137422
352,喫,12,7,2,70,12168
1125,婿,12,7,1,36,705
1637,博,12,4,1,11,29145
1126,晴,12,2,3,38,14761
1391,貯,12,4,2,35,12495
1137,税,12,5,2,23,132146
1907,満,12,4,3,118,76938
116,奥,12,7,2,16,12419
633,喉,12,7,0,70,510
378,給,12,4,3,63,77558
634,慌,12,7,0,76,3072
635,港,12,3,3,118,34382
636,硬,12,7,2,16,18576
637,絞,12,7,1,63,13210
638,項,12,7,1,22,24342
1406,朝,12,2,4,8,55404
1407,貼,12,7,0,35,232
1408,超,12,7,2,6,67445
129,温,12,3,2,118,58243
1922,無,12,4,2,26,224748
899,就,12,6,1,1,65095
900,衆,12,6,1,2,18138
901,集,12,3,4,9,231136
390,距,12,7,1,11,24304
1671,斑,12,7,0,2,857
392,御,12,7,3,19,18220
1672,飯,12,4,4,12,6952
1165,絶,12,5,3,63,45507
1679,晩,12,6,3,38,7266
1680,番,12,2,3,19,164990
1681,蛮,12,7,1,10,703
1428,椎,12,7,1,85,975
1431,痛,12,6,3,15,40235
152,渦,12,7,1,118,2613
1432,塚,12,7,1,50,2853
153,過,12,5,3,51,169936
1697,悲,12,3,3,76,25321
1698,扉,12,7,1,6,3388
1699,費,12,4,3,35,149544
421,暁,12,7,1,38,1626
169,賀,12,5,1,35,8115
426,極,12,4,2,85,64721
938,循,12,7,1,19,5467
1706,備,12,5,3,104,124317
939,順,12,4,2,22,55532
1453,堤,12,7,1,50,2618
1965,喩,12,7,0,70,333
1198,善,12,6,2,70,45066
1454,提,12,5,1,89,174186
1966,愉,12,7,1,76,1411
1199,然,12,4,3,26,95022
1455,程,12,5,3,23,75519
689,詐,12,7,1,68,14705
434,勤,12,6,3,23,33539
1714,筆,12,3,2,24,25031
435,琴,12,7,1,15,10224
436,筋,12,6,1,24,38292
948,暑,12,3,3,38,8106
1721,評,12,5,2,68,102684
1977,湧,12,7,1,118,390
186,絵,12,2,3,63,34440
1978,猶,12,7,1,17,6411
187,開,12,3,4,11,487193
1979,裕,12,7,1,21,9873
188,階,12,3,2,31,70043
1212,疎,12,7,1,2,5158
1980,遊,12,3,3,51,35088
1213,訴,12,7,1,68,127902
1981,雄,12,7,1,9,10571
708,最,12,4,3,8,412739
709,裁,12,6,1,21,172776
454,遇,12,7,1,51,12277
455,隅,12,7,2,31,5426
202,街,12,4,1,6,35407
1999,揚,12,7,1,89,11863
2000,揺,12,7,1,89,21945
2001,葉,12,3,3,47,75304
1490,渡,12,7,3,118,53193
2002,陽,12,3,3,31,18057
1237,創,12,6,1,32,41991
1238,喪,12,7,1,70,15053
1239,痩,12,7,0,15,174
728,策,12,6,1,24,216864
1240,葬,12,7,1,47,23144
1752,富,12,5,3,36,15903
729,酢,12,7,1,14,2737
1241,装,12,6,2,21,64282
1753,普,12,7,2,38,37885
218,覚,12,4,3,7,64368
987,勝,12,3,3,23,537244
988,掌,12,7,1,6,3233
989,晶,12,7,1,38,4696
990,焼,12,4,2,26,30528
991,焦,12,7,1,26,24074
992,硝,12,7,1,16,476
993,粧,12,7,0,10,6442
994,詔,12,7,1,68,356
995,証,12,5,1,68,115212
996,象,12,4,2,3,111135
485,敬,12,6,2,16,16582
486,景,12,4,3,38,88790
487,軽,12,3,3,15,46003
1768,幅,12,7,2,17,54955
1769,復,12,5,2,19,116951
2025,絡,12,7,2,63,35295
2026,落,12,3,3,47,131556
237,割,12,6,3,32,137700
238,葛,12,7,0,47,1644
1518,塔,12,7,2,50,5125
751,傘,12,7,1,104,9409
1519,搭,12,7,1,89,7983
752,散,12,4,3,16,44295
1520,棟,12,7,1,85,9847
1521,湯,12,3,2,118,10512
1522,痘,12,7,1,15,371
1523,登,12,3,3,2,100913
1524,答,12,2,4,24,74694
1780,雰,12,7,1,13,10375
1525,等,12,3,3,24,54270
1270,測,12,5,2,118,40737
1526,筒,12,7,2,24,3518
1527,統,12,5,1,63,238742
2039,痢,12,7,1,15,1094
1273,属,12,5,1,15,42419
1020,場,12,2,4,50,627086
1021,畳,12,7,2,19,4050
510,結,12,4,1,63,219380
1282,損,13,5,2,89,47805
4,愛,13,4,3,76,50443
1543,働,13,4,3,104,82683
1034,飾,13,7,1,12,14941
2058,虜,13,7,1,5,2511
1035,触,13,7,2,3,33374
14,暗,13,3,3,38,20182
1551,督,13,7,1,19,130086
272,勧,13,7,1,23,21482
273,寛,13,7,1,36,2023
274,幹,13,5,1,5,105322
275,感,13,3,3,76,269551
276,漢,13,3,4,118,11457
532,嫌,13,7,1,36,19271
533,献,13,7,1,17,32541
534,絹,13,6,1,63,940
535,遣,13,7,1,51,48420
1563,頓,13,7,0,22,1335
796,嗣,13,7,1,70,1750
797,試,13,4,4,68,167576
1309,滞,13,7,1,118,19247
798,詩,13,3,1,68,20800
799,資,13,5,3,35,221680
32,彙,13,7,0,1,256
800,飼,13,5,1,12,11212
33,意,13,3,4,76,352894
1825,墓,13,5,1,50,9458
34,違,13,7,3,51,138798
1317,滝,13,7,1,118,2320
1063,寝,13,7,3,36,17035
1064,慎,13,7,1,76,19928
1065,新,13,2,4,5,465263
298,頑,13,7,1,22,17758
555,源,13,6,1,118,52338
2093,鈴,13,7,1,33,1945
2094,零,13,7,2,13,3113
820,慈,13,7,1,76,2740
821,辞,13,4,3,3,50327
1078,腎,13,7,0,44,4246
1847,蜂,13,7,0,10,1110
1848,豊,13,5,2,2,19871
1849,飽,13,7,1,12,2651
2107,廉,13,7,1,17,1124
572,誇,13,7,1,68,14394
573,鼓,13,7,1,1,3832
1342,嘆,13,7,1,70,5929
2112,賂,13,7,0,35,90
2113,路,13,3,3,11,86147
1602,農,13,3,2,2,74854
1091,睡,13,7,1,19,4241
836,嫉,13,7,0,36,464
583,碁,13,7,1,16,20311
1352,暖,13,6,1,38,19156
1097,数,13,2,3,16,320758
2122,楼,13,7,1,85,1575
331,棄,13,7,1,85,41725
332,毀,13,7,0,6,271
1100,裾,13,7,0,21,387
1362,痴,13,7,1,15,4753
2130,話,13,2,5,68,344481
1363,稚,13,7,1,23,6287
2131,賄,13,7,1,35,8215
1364,置,13,4,3,7,159822
343,義,13,5,1,7,98175
1879,睦,13,7,1,19,194
1369,蓄,13,7,1,47,9211
95,園,13,2,3,12,60982
96,煙,13,7,3,26,14597
97,猿,13,7,1,17,1757
353,詰,13,7,2,68,29629
98,遠,13,2,3,51,33942
99,鉛,13,7,1,33,2853
100,塩,13,4,2,50,10204
1127,勢,13,5,2,23,151652
1128,聖,13,6,1,5,20210
1640,漠,13,7,1,118,3111
873,腫,13,7,0,44,4714
1129,誠,13,6,1,68,8845
1900,幕,13,6,1,17,56775
1648,鉢,13,7,1,33,2839
123,虞,13,7,1,5,76
379,嗅,13,7,0,70,320
1150,跡,13,7,1,11,33446
639,溝,13,7,1,118,3767
640,鉱,13,5,2,33,7273
1409,腸,13,4,1,44,5404
1410,跳,13,7,1,11,8562
1923,夢,13,5,3,5,34107
902,愁,13,7,1,76,1131
903,酬,13,7,1,14,12055
1161,摂,13,7,1,89,4107
1673,搬,13,7,1,89,7079
1162,節,13,4,2,24,38934
1674,煩,13,7,1,26,868
1675,頒,13,7,1,22,216
1931,盟,13,6,1,8,61465
1934,滅,13,7,1,118,14489
655,傲,13,7,0,104,308
1425,賃,13,6,2,35,20150
154,嫁,13,7,1,36,4976
155,暇,13,7,1,38,4555
156,禍,13,7,1,15,1275
157,靴,13,7,3,2,6282
1181,戦,13,4,3,7,592083
1182,煎,13,7,0,26,421
1183,羨,13,7,0,7,142
1184,腺,13,7,0,44,1803
1185,詮,13,7,0,68,119
1186,践,13,7,1,11,5621
422,業,13,3,4,85,582234
170,雅,13,7,1,9,5071
1707,微,13,7,1,19,15122
940,準,13,5,2,118,127128
1200,禅,13,7,1,15,1711
1456,艇,13,7,1,8,3876
437,僅,13,7,0,104,134
949,署,13,6,2,7,58347
438,禁,13,5,2,15,56243
1466,溺,13,7,0,118,265
189,塊,13,7,1,50,4858
1469,鉄,13,3,2,33,43045
190,楷,13,7,0,85,262
1214,塑,13,7,1,50,199
191,解,13,5,3,3,231356
451,愚,13,7,1,76,3337
1989,誉,13,7,1,68,22380
710,債,13,7,1,104,55602
1990,預,13,5,2,22,19148
711,催,13,7,1,104,85744
1479,填,13,7,0,50,67
712,塞,13,7,0,50,3791
713,歳,13,7,3,6,223080
714,載,13,7,1,15,59741
1482,殿,13,7,2,6,8640
203,慨,13,7,1,76,2376
459,窟,13,7,0,10,822
1483,電,13,2,5,13,201699
204,蓋,13,7,0,47,636
205,該,13,7,1,68,4696
721,罪,13,5,3,7,80769
1491,塗,13,7,2,50,6907
2003,溶,13,7,2,118,6668
468,群,13,5,2,7,18719
2004,腰,13,7,2,44,12713
730,搾,13,7,1,89,952
1242,僧,13,7,1,104,3781
219,較,13,7,2,15,13254
1243,想,13,3,3,76,110205
220,隔,13,7,1,31,8796
228,楽,13,2,4,85,140566
2020,裸,13,7,1,21,3324
997,傷,13,6,1,104,63579
998,奨,13,7,1,16,9283
999,照,13,4,2,26,20578
2023,雷,13,7,1,13,6884
488,傾,13,7,2,104,24299
1000,詳,13,7,1,68,22870
489,携,13,7,1,89,64257
490,継,13,7,1,63,60474
1770,福,13,3,3,15,34702
491,詣,13,7,0,68,1020
1771,腹,13,6,3,44,14644
2027,酪,13,7,1,14,1308
239,滑,13,7,1,118,15869
240,褐,13,7,1,21,547
501,隙,13,7,0,31,259
2040,裏,13,6,2,21,37235
1274,賊,13,7,1,35,3456
1275,続,13,4,3,63,330249
1022,蒸,13,6,2,47,4537
511,傑,13,7,1,104,2426
2047,慄,13,7,0,76,148
1283,遜,14,7,0,51,304
1544,銅,14,5,2,33,10064
1292,駄,14,7,1,11,9554
1806,蔑,14,7,0,47,356
1552,徳,14,5,1,19,10848
1556,読,14,2,5,68,92088
2068,僚,14,7,1,104,41136
277,慣,14,5,3,76,15194
2069,領,14,5,2,22,189691
278,管,14,4,2,24,87263
279,関,14,4,3,11,399339
2075,緑,14,3,2,63,12377
1310,態,14,5,1,76,104268
801,誌,14,6,2,68,30683
802,雌,14,7,1,9,1526
1826,慕,14,7,1,76,1283
2082,瑠,14,7,1,15,2273
35,維,14,7,1,63,37233
1827,暮,14,6,3,38,35492
1330,奪,14,7,1,16,38243
2099,暦,14,7,1,38,2816
2100,歴,14,4,2,6,85600
822,磁,14,6,1,16,4144
1590,認,14,6,3,68,241630
1591,寧,14,7,1,36,4574
56,隠,14,7,1,31,29893
2108,練,14,3,2,63,53657
1343,端,14,7,1,5,30321
1344,綻,14,7,0,63,4191
837,漆,14,7,1,118,1364
584,語,14,2,5,68,189717
585,誤,14,6,3,68,26573
2123,漏,14,7,1,118,19756
333,旗,14,4,1,6,13045
1870,貌,14,7,0,1,1066
82,駅,14,3,4,11,56554
851,遮,14,7,1,51,3330
344,疑,14,6,3,2,215539
1880,僕,14,7,1,104,20544
1881,墨,14,7,1,50,3087
1375,嫡,14,7,1,36,387
101,演,14,5,3,118,155906
874,種,14,4,3,23,81890
1130,精,14,5,3,10,53008
1131,製,14,5,1,21,86050
1132,誓,14,7,1,68,7337
1133,静,14,4,3,2,24694
1901,膜,14,7,1,44,4833
880,需,14,7,1,13,18564
1650,髪,14,7,3,1,9915
1908,慢,14,7,1,76,11565
1653,罰,14,7,1,7,17968
1909,漫,14,7,1,118,10740
1654,閥,14,7,1,11,11149
1915,蜜,14,7,0,10,773
641,構,14,5,3,85,120598
642,綱,14,7,1,63,21849
643,酵,14,7,1,14,3006
1411,徴,14,7,1,19,33347
393,漁,14,4,2,118,19912
1163,説,14,4,3,68,277566
1932,銘,14,7,1,33,10830
1933,鳴,14,2,3,4,15408
656,豪,14,7,1,3,15193
1937,綿,14,5,2,63,8624
915,銃,14,7,1,33,19700
1940,模,14,6,1,85,63281
663,穀,14,6,1,23,2452
664,酷,14,7,1,14,6166
665,獄,14,7,1,17,4109
1433,漬,14,7,1,118,3529
1946,網,14,7,1,63,11591
924,塾,14,7,1,50,7118
413,境,14,5,2,50,98091
158,寡,14,7,1,36,975
159,歌,14,2,4,8,77157
160,箇,14,7,1,24,172
1187,箋,14,7,0,47,192
1188,銭,14,5,1,33,17541
1700,碑,14,7,1,16,3603
679,魂,14,7,1,4,5312
1708,鼻,14,3,2,1,6008
1201,漸,14,7,1,118,264
950,緒,14,7,3,63,27053
1462,摘,14,7,1,89,80853
1463,滴,14,7,2,118,2876
1464,適,14,5,3,51,62229
1722,漂,14,7,1,118,7559
444,銀,14,3,4,33,103071
1982,誘,14,7,1,68,24921
1215,遡,14,7,0,51,399
448,駆,14,7,1,11,25208
715,際,14,5,3,31,204626
460,熊,14,7,1,26,3484
206,概,14,7,1,85,11440
2005,様,14,3,3,85,87022
2006,瘍,14,7,0,15,1770
2007,踊,14,7,2,11,9796
1754,腐,14,7,1,44,7599
1244,層,14,6,2,15,45081
221,閣,14,6,1,11,86132
1245,総,14,5,2,63,243446
1246,遭,14,7,1,51,7168
739,察,14,4,3,36,88079
742,雑,14,5,3,9,34932
1255,像,14,5,2,104,49930
1256,増,14,5,3,50,194787
1001,彰,14,7,1,5,10957
1257,憎,14,7,2,76,3933
1002,障,14,6,1,31,86035
1772,複,14,5,2,21,39101
2028,辣,14,7,0,3,135
753,算,14,2,2,24,132406
754,酸,14,5,1,14,19077
1528,稲,14,7,1,23,3758
1787,聞,14,2,5,5,130510
512,潔,15,5,1,118,3591
1797,幣,15,7,1,17,2186
1798,弊,15,7,1,3,2867
1799,蔽,15,7,0,47,192
1800,餅,15,7,0,12,1741
1545,導,15,5,2,12,122550
2059,慮,15,7,1,76,29991
1036,嘱,15,7,1,70,1833
1813,編,15,5,2,63,73107
2070,寮,15,7,1,36,3482
280,歓,15,7,1,8,16935
536,権,15,6,3,85,445373
281,監,15,7,1,8,166298
282,緩,15,7,1,63,27903
1822,舗,15,7,1,104,14277
2079,輪,15,4,2,15,98602
803,摯,15,7,0,89,1896
36,慰,15,7,1,76,8207
804,賜,15,7,1,35,984
37,遺,15,6,1,51,86349
1066,審,15,7,1,36,104685
1067,震,15,7,2,13,68814
1325,諾,15,7,1,68,4088
2095,霊,15,7,1,13,8962
1332,誰,15,7,0,68,24845
823,餌,15,7,0,12,2336
1592,熱,15,4,3,26,50849
1850,褒,15,7,1,21,2529
1345,誕,15,6,1,68,21713
1092,穂,15,7,1,23,2473
838,質,15,5,4,35,112140
1353,談,15,3,3,68,129173
75,影,15,7,1,5,106777
1611,罵,15,7,0,7,382
76,鋭,15,7,2,33,10763
334,器,15,4,1,70,90488
335,畿,15,7,0,19,399
1871,暴,15,5,2,38,43965
336,輝,15,7,1,15,13041
2128,論,15,6,3,68,196158
85,謁,15,7,1,68,141
1621,輩,15,7,1,15,11126
86,閲,15,7,1,11,4936
345,儀,15,7,1,104,24131
346,戯,15,7,1,7,2359
1882,撲,15,7,1,89,26854
1629,賠,15,7,1,35,16980
1892,摩,15,7,1,6,3538
102,縁,15,7,1,63,11956
875,趣,15,7,1,6,13389
1643,箱,15,3,3,24,13967
1388,鋳,15,7,1,33,601
1644,箸,15,7,0,24,955
1389,駐,15,7,2,11,27520
1134,請,15,7,1,68,75073
117,横,15,3,3,85,45375
120,億,15,4,2,104,172258
1912,魅,15,7,1,4,18948
380,窮,15,7,1,10,4098
644,稿,15,7,1,23,10591
1412,嘲,15,7,0,70,357
1413,潮,15,6,1,118,9244
1414,澄,15,7,1,118,1725
1415,調,15,3,3,68,376892
1676,範,15,7,1,24,18358
1682,盤,15,7,1,8,42017
1429,墜,15,7,1,50,6103
667,駒,15,7,1,11,5299
1948,黙,15,7,1,2,9902
925,熟,15,6,1,26,9991
161,稼,15,7,1,23,15249
162,課,15,4,2,68,93601
1189,潜,15,7,1,118,13706
1701,罷,15,7,1,7,1268
1190,線,15,2,2,63,126148
1191,遷,15,7,1,51,1802
1192,選,15,4,3,51,652435
171,餓,15,7,1,12,1646
941,潤,15,7,1,118,3427
1709,膝,15,7,0,44,421
942,遵,15,7,1,51,112
1457,締,15,7,1,63,46310
439,緊,15,7,1,63,41503
951,諸,15,6,2,68,29928
1465,敵,15,5,1,16,19080
1723,標,15,4,2,85,64511
1470,徹,15,7,1,19,21540
1471,撤,15,7,1,89,31171
1983,憂,15,7,1,76,4499
192,潰,15,7,0,118,502
1732,賓,15,7,1,35,1724
464,勲,15,7,1,23,5463
2008,窯,15,7,1,10,688
2009,養,15,4,1,12,39936
1755,敷,15,7,1,16,15267
1756,膚,15,7,2,44,3847
1757,賦,15,7,1,35,442
222,確,15,5,3,16,178948
1247,槽,15,7,1,85,2452
1248,踪,15,7,0,11,661
1762,舞,15,7,3,1,53872
740,撮,15,7,1,89,28791
232,潟,15,7,1,118,1180
1258,蔵,15,6,2,47,19730
1003,憧,15,7,1,76,549
492,慶,15,7,1,76,2694
1004,衝,15,7,1,6,26549
493,憬,15,7,0,76,105
1005,賞,15,4,2,35,156578
494,稽,15,7,0,23,1111
755,賛,15,5,3,35,35550
1781,噴,15,7,1,70,11102
502,劇,15,6,2,32,45816
758,暫,15,7,1,38,13843
1782,墳,15,7,1,50,3436
503,撃,15,7,1,6,113833
1783,憤,15,7,1,76,3711
1529,踏,15,7,1,11,45824
2041,履,15,7,1,15,7879
2042,璃,15,7,1,15,717
1023,縄,15,7,1,63,3218
1024,壌,16,7,1,50,2668
1025,嬢,16,7,1,36,864
1026,錠,16,7,1,33,3646
1802,壁,16,7,2,50,23246
1553,篤,16,7,1,24,798
537,憲,16,6,1,76,43988
538,賢,16,7,2,35,3076
283,憾,16,7,1,76,3524
284,還,16,7,1,51,27878
285,館,16,3,4,12,104513
1566,曇,16,7,2,38,1992
2080,隣,16,7,1,31,18773
805,諮,16,7,1,68,11985
38,緯,16,7,1,63,10134
1068,薪,16,7,1,47,891
1069,親,16,2,4,7,129143
1326,濁,16,7,1,118,1718
2096,隷,16,7,1,1,1478
1851,縫,16,7,1,63,2974
1597,燃,16,5,2,26,31449
2109,錬,16,7,1,33,1629
574,錮,16,7,0,33,27
1603,濃,16,7,2,118,18310
1354,壇,16,7,1,50,7574
77,衛,16,5,1,6,57115
2126,録,16,4,2,33,103771
1872,膨,16,7,1,44,10921
337,機,16,4,3,85,328821
1873,謀,16,7,1,68,10184
1874,頬,16,7,0,22,298
1365,緻,16,7,0,63,967
1370,築,16,5,2,24,38256
1893,磨,16,7,2,16,6335
1638,薄,16,7,2,47,20855
1641,縛,16,7,1,63,4189
1135,整,16,3,2,16,85649
1136,醒,16,7,0,14,240
881,儒,16,7,1,104,493
882,樹,16,6,1,85,17317
121,憶,16,7,1,76,13633
1151,積,16,4,3,23,60996
130,穏,16,7,1,23,6757
645,興,16,5,1,2,58071
646,衡,16,7,1,6,3209
647,鋼,16,6,1,33,8785
1677,繁,16,7,1,63,9411
1938,麺,16,7,0,2,881
916,獣,16,7,1,17,3922
917,縦,16,6,1,63,10350
414,橋,16,3,2,85,18165
1702,避,16,7,1,51,49702
423,凝,16,7,1,6,3717
680,墾,16,7,1,50,175
1960,薬,16,3,3,47,58237
1193,薦,16,7,1,47,14403
1967,諭,16,7,1,68,9918
1968,輸,16,5,2,15,62944
1202,膳,16,7,0,44,709
1458,諦,16,7,0,68,302
440,錦,16,7,1,33,6625
1984,融,16,7,1,10,106891
193,壊,16,7,1,50,49233
194,懐,16,7,1,76,9361
195,諧,16,7,0,68,308
207,骸,16,7,0,3,773
465,薫,16,7,1,47,411
1492,賭,16,7,0,35,3464
2010,擁,16,7,1,89,12269
731,錯,16,7,1,33,4961
2011,謡,16,7,1,68,4420
223,獲,16,7,1,17,37942
1249,操,16,6,2,89,21377
2024,頼,16,7,3,22,50439
495,憩,16,7,1,76,3292
504,激,16,6,1,118,61832
1784,奮,16,6,1,16,8951
1530,糖,16,6,1,10,10951
1531,頭,16,2,3,22,114844
5,曖,17,7,0,38,214
1546,瞳,17,7,1,19,1409
2071,療,17,7,2,15,97099
2072,瞭,17,7,1,19,469
539,謙,17,7,1,68,2259
540,鍵,17,7,0,33,4203
286,環,17,7,2,15,86615
1311,戴,17,7,0,7,679
1572,謎,17,7,0,68,4515
1573,鍋,17,7,0,33,4283
556,厳,17,6,1,4,60374
1324,濯,17,7,2,118,3896
2097,齢,17,7,2,2,57241
1346,鍛,17,7,1,33,4673
852,謝,17,5,1,68,34198
347,擬,17,7,1,89,1644
859,爵,17,7,1,2,712
348,犠,17,7,1,6,17568
122,臆,17,7,0,44,329
1152,績,17,5,2,63,57350
648,講,17,5,2,68,50593
904,醜,17,7,1,14,799
1416,聴,17,7,1,5,47295
649,購,17,7,1,35,24402
923,縮,17,6,1,63,33187
415,矯,17,7,1,4,1351
681,懇,17,7,1,76,10631
1194,繊,17,7,1,63,5621
1962,闇,17,7,0,11,5401
1195,鮮,17,7,1,3,16805
441,謹,17,7,1,68,1668
1985,優,17,6,3,104,175331
1733,頻,17,7,1,22,4803
224,嚇,17,7,1,70,928
1250,燥,17,7,2,26,3865
2018,翼,17,7,1,6,15982
1251,霜,17,7,1,13,1029
741,擦,17,7,1,89,2905
1006,償,17,7,1,104,36879
1007,礁,17,7,1,16,2008
2031,覧,17,6,1,7,13341
241,轄,17,7,1,15,2680
1532,謄,17,7,1,68,266
1803,璧,18,7,0,15,294
1804,癖,18,7,1,15,2591
1037,織,18,5,1,63,63740
1038,職,18,5,3,5,176595
2073,糧,18,7,1,10,7337
541,繭,18,7,1,63,189
542,顕,18,7,1,22,6412
287,簡,18,6,2,24,24104
543,験,18,4,4,11,113565
288,観,18,4,3,7,101903
289,韓,18,7,0,1,1651
2081,臨,18,6,1,2,36946
1316,題,18,3,4,22,312133
2086,類,18,4,3,22,55611
1576,難,18,6,3,9,126351
299,顔,18,2,3,22,65573
338,騎,18,7,1,11,5830
1888,翻,18,7,1,6,7024
1417,懲,18,7,1,76,20886
1678,藩,18,7,1,47,2443
1426,鎮,18,7,1,33,5369
931,瞬,18,7,1,19,16061
1969,癒,18,7,1,15,5821
690,鎖,18,7,1,33,13619
1203,繕,18,7,1,63,1126
442,襟,18,7,1,21,1198
1216,礎,18,7,1,16,13105
2012,曜,18,2,4,38,36896
225,穫,18,7,1,23,4657
1252,騒,18,7,1,11,16065
229,額,18,5,2,22,117015
230,顎,18,7,0,22,162
1259,贈,18,7,2,35,19813
1773,覆,18,7,1,4,10712
2032,濫,18,7,1,118,199
2033,藍,18,7,1,47,987
245,鎌,18,7,1,33,260
1533,藤,18,7,1,47,5993
1534,闘,18,7,1,11,43820
1828,簿,19,7,1,24,9819
300,願,19,4,3,22,31216
2098,麗,19,7,1,3,3398
824,璽,19,7,0,15,133
57,韻,19,7,1,3,1118
827,識,19,5,3,68,91684
1094,髄,19,7,1,3,3759
1608,覇,19,7,1,4,28959
1102,瀬,19,7,1,118,3344
2127,麓,19,7,0,3,439
103,艶,19,7,1,2,633
1642,爆,19,7,2,26,68736
1924,霧,19,7,1,13,2670
905,蹴,19,7,0,11,968
416,鏡,19,4,1,33,8958
461,繰,19,7,1,63,39888
1758,譜,19,7,1,68,12459
1253,藻,19,7,1,47,1166
2021,羅,19,7,1,7,2721
1260,臓,19,6,2,44,20494
496,警,19,6,3,68,134506
497,鶏,19,7,1,4,7363
500,鯨,19,7,1,3,3934
2043,離,19,7,1,9,86601
1027,譲,20,7,1,68,23074
1028,醸,20,7,1,14,2852
544,懸,20,7,1,76,46103
586,護,20,5,1,68,137410
349,議,20,4,3,68,554146
1153,籍,20,7,1,24,33383
417,競,20,4,2,5,96606
418,響,20,7,1,3,93381
1008,鐘,20,7,1,33,3156
2034,欄,20,7,1,85,7272
1535,騰,20,7,1,11,10095
290,艦,21,7,1,8,16793
575,顧,21,7,1,22,25205
2114,露,21,7,1,13,18955
1894,魔,21,7,1,4,8605
1436,鶴,21,7,1,4,3323
1961,躍,21,7,1,11,37975
2124,籠,22,7,0,24,2090
906,襲,22,7,1,21,22855
419,驚,22,7,1,11,20712
291,鑑,23,7,1,33,15763
63,鬱,29,7,0,1,595
